PLAYER_NAME,PLAYER_ID,FG_PCT,FT_PCT,3PM,PTS,REB,AST,STL,BLK,TOV,Z_SCORE
Nikola Jokić,203999,0.6074999999999999,0.8194999999999999,70.0,1887.5,896.5,693.0,97.5,57.5,242.0,13.684091787336378
Victor Wembanyama,1641705,0.465,0.796,128.0,1522.0,755.0,274.0,88.0,254.0,260.0,12.79755244012432
Luka Dončić,1629029,0.4915,0.764,234.5,2254.0,608.0,607.5,94.5,35.5,259.0,12.128553920929674
Shai Gilgeous-Alexander,1628983,0.5225,0.8895,76.5,2194.5,372.0,418.0,131.0,66.0,177.0,10.041759892771537
Anthony Edwards,1630162,0.46,0.796,201.5,1997.5,444.0,377.5,113.0,50.0,250.0,9.368886155261494
Jayson Tatum,1628369,0.4685,0.8434999999999999,234.5,2106.0,625.0,353.0,76.5,47.0,200.5,9.325076930531225
Domantas Sabonis,1627734,0.6045,0.723,32.0,1551.5,1046.5,623.0,69.5,43.5,251.0,8.547560509633453
Stephen Curry,201939,0.4715,0.919,315.0,1802.0,335.5,365.5,53.0,24.0,194.5,8.112280546102362
Damian Lillard,203081,0.4435,0.917,232.0,1820.5,298.5,466.5,61.0,18.0,192.0,6.740730832304656
Trae Young,1629027,0.4295,0.8705,164.5,1651.5,183.0,662.0,76.0,10.0,267.5,6.687080137573564
Fred VanVleet,1627832,0.4044999999999999,0.879,217.0,1302.5,279.0,542.0,112.0,48.5,133.0,6.591947383990206
Dejounte Murray,1627749,0.4615,0.813,167.0,1634.0,402.5,475.0,111.5,21.5,180.5,6.242243311437512
Anthony Davis,203076,0.5595,0.8,24.0,1663.5,831.5,207.0,75.0,146.0,140.5,6.027136782692202
Tyrese Haliburton,1630169,0.4835,0.863,178.0,1274.5,238.0,668.5,87.0,36.5,150.0,5.989588387017986
Donovan Mitchell,1628378,0.473,0.866,213.5,1692.5,284.5,317.0,100.0,28.5,167.0,5.984526689385073
De'Aaron Fox,1628368,0.4885,0.759,166.5,1896.0,323.0,432.5,116.5,27.0,187.5,5.90257194794598
James Harden,201935,0.4345,0.8725,173.5,1204.0,361.5,616.0,74.0,44.0,190.0,5.878470990833035
Paul George,202331,0.4639999999999999,0.889,200.5,1501.5,365.0,275.0,98.0,28.5,164.5,5.584276768935607
Chet Holmgren,1631096,0.53,0.793,129.0,1357.0,648.0,200.0,53.0,190.0,131.0,5.568341288198158
Giannis Antetokounmpo,203507,0.5820000000000001,0.651,40.5,2090.5,791.5,417.5,69.5,65.0,248.0,5.566574026778839
Joel Embiid,203954,0.5385,0.87,60.0,1768.0,550.0,246.5,56.0,89.0,188.0,5.056175971386931
LeBron James,2544,0.52,0.759,135.0,1706.0,487.5,482.0,69.5,35.0,211.5,4.881023670982715
Jordan Poole,1629673,0.4215,0.8734999999999999,199.0,1515.5,218.5,356.0,74.5,23.0,220.0,4.0796457737126435
Jalen Brunson,1628973,0.485,0.838,172.5,1922.5,259.5,470.0,65.5,14.0,164.0,4.0258520574512575
DeMar DeRozan,201942,0.492,0.8625,60.5,1856.5,341.5,399.0,86.5,40.5,144.0,3.608346747793137
Nikola Vučević,202696,0.502,0.8285,106.5,1408.5,852.0,259.5,55.0,58.5,129.5,3.433841685092325
Kawhi Leonard,202695,0.5185,0.878,122.0,1426.0,377.0,224.0,91.5,43.5,103.5,2.8496860505268287
Bam Adebayo,1628389,0.5305,0.7805,8.0,1448.0,712.5,259.0,84.5,63.5,174.5,2.699556369006604
Jrue Holiday,201950,0.4795,0.846,148.0,1075.0,357.0,414.0,70.0,39.0,160.5,2.5078516513288407
Derrick White,1628401,0.4615,0.888,172.5,1062.0,301.5,349.0,64.0,81.5,103.5,2.5073149962869543
Devin Booker,1626164,0.493,0.8705,131.5,1656.0,274.0,382.5,56.0,23.0,161.5,2.408396172986785
CJ McCollum,203468,0.448,0.798,225.0,1445.0,307.0,367.0,66.0,39.5,146.5,2.3619590462914717
Klay Thompson,202691,0.434,0.903,284.5,1442.0,270.0,169.5,49.5,32.0,120.0,2.1531353316497253
Darius Garland,1629636,0.454,0.8485,150.5,1259.0,168.5,455.5,79.5,8.0,187.5,2.000781621870612
Jaren Jackson Jr.,1628991,0.475,0.798,108.5,1329.5,395.5,107.0,72.5,147.5,133.5,1.8459089765639685
Brook Lopez,201572,0.508,0.8025,142.0,1114.5,464.5,113.0,40.0,191.0,93.0,1.7847647072539377
Jaylen Brown,1627759,0.495,0.734,154.0,1697.0,423.0,240.5,79.0,31.5,181.5,1.7724519404200116
Scottie Barnes,1630567,0.4655,0.7765,82.0,1185.0,503.0,367.0,79.0,74.5,159.5,1.7687530376752734
Kristaps Porziņģis,204001,0.507,0.8545,123.5,1325.0,477.5,144.5,50.0,105.5,113.0,1.761060420956439
Jalen Green,1630224,0.4195,0.795,194.0,1646.5,353.5,286.0,62.5,23.0,195.5,1.7135182071600195
Paolo Banchero,1631094,0.441,0.7315,102.0,1620.5,525.5,350.0,65.5,43.0,223.5,1.628879747718364
Miles Bridges,1628970,0.462,0.825,157.0,1449.0,505.0,231.0,65.0,33.0,138.0,1.4652360038557253
Franz Wagner,1630532,0.4835,0.846,112.0,1453.0,355.0,276.0,76.5,22.5,152.0,1.3460941902839934
Lauri Markkanen,1628374,0.4895,0.887,187.5,1484.5,509.5,116.5,46.0,32.0,102.0,1.2499822371626665
Jamal Murray,1627750,0.4675,0.843,158.5,1274.0,249.5,392.0,61.5,27.5,135.0,0.808847590929265
Jimmy Butler,202710,0.519,0.854,48.0,1356.0,346.5,319.0,98.0,19.0,101.5,0.7683053184374922
Jalen Williams,1631114,0.5305,0.813,88.0,1205.5,309.5,285.0,91.5,40.0,123.0,0.7383628110797905
Josh Giddey,1630581,0.4785,0.7685,79.0,1123.0,556.5,427.5,54.0,37.5,189.5,0.565575613972948
Tyrese Maxey,1630178,0.4655,0.8565,186.0,1517.0,217.0,322.5,59.0,20.5,98.0,0.38473999752033666
Kevin Porter Jr.,1629645,0.442,0.784,141.0,1130.0,314.0,338.0,82.0,17.0,188.0,0.2784683300808848
Donte DiVincenzo,1628978,0.439,0.7855,216.5,968.5,311.0,234.0,102.0,23.0,112.5,0.2410328627384529
Julius Randle,203944,0.4655,0.769,147.0,1519.0,595.0,272.5,37.0,16.5,187.5,0.21501840560970176
Alperen Sengun,1630578,0.545,0.704,26.0,1220.0,633.5,301.5,73.0,58.0,177.5,0.19810667201866705
Tobias Harris,202699,0.494,0.877,108.5,1144.5,438.5,201.5,69.0,43.0,91.0,0.1676720219483222
Myles Turner,1626167,0.536,0.778,104.5,1213.0,499.5,94.5,37.5,142.0,106.0,-0.10539336024130216
Brandon Miller,1641706,0.44,0.827,184.0,1279.0,315.0,175.0,66.0,42.0,132.0,-0.1331270853014006
Kevin Durant,201142,0.553,0.8855,88.5,1191.0,280.25,212.0,34.25,56.25,139.0,-0.40287099726225084
Kyle Kuzma,1628398,0.4555,0.7525,155.5,1455.0,463.5,267.5,36.5,39.0,191.0,-0.41371772145133723
Mikal Bridges,1628969,0.4604999999999999,0.875,139.5,1237.0,275.0,211.25,65.75,38.0,104.5,-0.4860978783362766
Rudy Gobert,203497,0.66,0.641,0.0,1000.0,898.0,94.5,54.0,128.5,120.0,-0.6209373564132675
Jarrett Allen,1628386,0.639,0.7375,0.5,1120.0,738.5,161.5,53.5,82.5,107.0,-0.6845954842298225
Austin Reaves,1630559,0.5075000000000001,0.8585,120.0,1066.5,272.5,332.5,49.5,22.0,136.5,-0.6894950134274267
Kyrie Irving,202681,0.49675,0.91,137.25,1183.25,224.5,240.25,51.5,29.5,90.5,-0.7571732501504871
Grayson Allen,1628960,0.4695,0.8915,175.5,882.0,266.0,195.0,65.5,29.5,83.5,-1.0500167975756132
Tre Jones,1630200,0.482,0.858,54.5,823.0,267.0,463.0,83.5,9.0,113.0,-1.1203973128217013
Malik Monk,1628370,0.4455,0.859,145.5,1075.5,207.5,334.0,47.0,29.5,148.0,-1.1353263720624134
Coby White,1629632,0.445,0.8545,168.5,1112.0,285.0,304.5,53.5,12.0,120.0,-1.1867886792846283
Kentavious Caldwell-Pope,203484,0.461,0.859,130.0,794.0,195.5,183.0,105.0,38.5,80.5,-1.255028177953181
Bogdan Bogdanović,203992,0.4375,0.876,193.0,1044.5,218.5,198.5,69.5,22.0,88.5,-1.2660496862256603
Desmond Bane,1630217,0.4715,0.8765000000000001,151.5,1122.0,238.0,242.0,49.5,22.0,119.0,-1.3635935168057296
Jonas Valančiūnas,202685,0.553,0.8055,37.5,1058.5,762.5,156.5,26.0,60.0,135.0,-1.387689751557263
Jaden Ivey,1631093,0.4225,0.748,122.0,1194.5,276.0,341.5,59.0,29.0,213.5,-1.5715976286875235
Tyler Herro,1629639,0.44,0.895,167.5,1111.0,291.0,234.0,40.5,9.5,125.5,-1.602539242152389
Michael Porter Jr.,1629008,0.4855,0.8180000000000001,204.0,1218.0,453.0,93.5,39.5,41.0,80.0,-1.7081109165854804
Brandon Ingram,1627742,0.488,0.8415,75.0,1222.0,285.0,312.5,41.0,29.5,155.5,-1.806122071550392
Keegan Murray,1631099,0.4535,0.798,194.5,1074.0,395.5,113.5,70.0,50.5,62.0,-1.8447688982004549
Herbert Jones,1630529,0.4835,0.8155,85.0,743.0,270.5,180.5,104.0,52.0,90.5,-1.904112406669936
Anfernee Simons,1629014,0.4385,0.905,184.0,1172.5,164.0,254.0,32.5,9.5,127.0,-1.935932891231259
Draymond Green,203110,0.512,0.7215,45.5,546.0,461.5,416.0,64.5,53.5,169.5,-2.161671566946372
Trey Murphy III,1630530,0.4635,0.86,185.5,995.0,280.5,118.0,70.0,35.5,47.5,-2.180319552992342
D'Angelo Russell,1626156,0.4685,0.8119999999999999,153.5,973.75,166.5,339.0,52.25,23.5,132.0,-2.3350838908510707
Jabari Smith Jr.,1631095,0.431,0.7985,129.0,1027.0,592.5,111.0,47.5,67.5,96.5,-2.432756026255995
Evan Mobley,1630596,0.567,0.6965,22.0,1031.0,589.5,192.0,52.5,95.5,118.0,-2.5630177037871036
Bradley Beal,203078,0.5095000000000001,0.8274999999999999,90.5,1062.0,214.0,268.0,48.5,30.0,138.0,-2.611609109214917
Chris Paul,101108,0.4405,0.829,88.0,676.0,238.0,458.5,80.5,14.0,95.0,-2.6635992131481014
Alex Caruso,1627936,0.4615,0.784,95.5,544.5,234.5,220.0,109.0,58.0,89.5,-2.6874966799648394
Buddy Hield,1627741,0.44075,0.8685,181.5,842.5,234.5,174.25,58.0,27.5,86.25,-2.7284072143405615
Karl-Anthony Towns,1626157,0.4995,0.8734999999999999,98.0,975.5,375.5,164.5,31.5,29.0,131.5,-2.7487840496170675
Zach LaVine,203897,0.4685,0.851,131.5,1200.0,237.0,212.5,45.0,13.0,123.0,-2.8442841610514673
Keyonte George,1641718,0.391,0.848,147.0,974.0,211.0,332.0,36.0,7.0,188.0,-2.8598802569601354
Nic Claxton,1629651,0.667,0.546,0.5,901.0,704.0,145.5,55.5,167.5,94.5,-2.874185075137515
T.J. McConnell,204456,0.5495000000000001,0.8215,22.0,688.5,212.5,393.5,76.5,9.0,125.5,-2.900405889486084
Deandre Ayton,1629028,0.5794999999999999,0.7915,4.0,1061.5,638.0,102.5,46.5,47.5,109.5,-2.9851235208766935
Deni Avdija,1630166,0.4715,0.7395,78.5,899.5,513.5,248.5,62.5,32.5,141.5,-3.148717208254414
Tyus Jones,1626145,0.4635,0.8,113.5,806.5,189.5,451.0,77.0,12.0,70.0,-3.202285147547446
Max Strus,1629622,0.414,0.835,182.5,888.0,298.0,227.0,53.0,20.5,91.0,-3.2830419950283636
Jerami Grant,203924,0.4629999999999999,0.815,127.5,1211.0,237.0,151.0,48.0,43.5,116.0,-3.319096875024378
Jordan Clarkson,203903,0.4285,0.8485,123.0,1106.5,217.0,273.5,34.0,9.5,166.0,-3.358036334721011
John Collins,1628381,0.52,0.799,78.0,979.0,518.5,81.0,41.0,67.0,88.5,-3.4721360585340593
Bobby Portis,1626171,0.502,0.779,97.5,1058.5,639.5,104.5,48.5,25.0,86.0,-3.541448841171818
Pascal Siakam,1627783,0.52175,0.74075,65.75,1298.5,421.5,274.75,47.75,21.5,112.75,-3.6783929807682707
Cole Anthony,1630175,0.4445,0.86,84.0,859.0,299.5,235.5,50.5,34.0,108.5,-3.684070453225327
Jaime Jaquez Jr.,1631170,0.489,0.811,65.0,889.0,285.0,195.0,77.0,20.0,110.0,-3.7547279660008472
Caris LeVert,1627747,0.426,0.744,117.5,924.5,281.0,316.5,74.0,29.0,116.5,-3.7829833955152377
Scoot Henderson,1630703,0.385,0.819,87.0,868.0,194.0,336.0,48.0,13.0,212.0,-3.8399958751448238
Kelly Olynyk,203482,0.541,0.8379999999999999,53.25,592.75,310.5,236.5,52.0,24.25,118.0,-3.9371298434439748
Luguentz Dort,1629652,0.413,0.7989999999999999,145.5,936.5,314.0,133.5,73.5,35.0,83.0,-3.9980821428129514
Collin Sexton,1629012,0.4965,0.839,88.0,1071.5,155.0,260.5,44.5,12.0,125.0,-4.045143276442581
Jusuf Nurkić,203994,0.5145,0.6505000000000001,32.5,761.5,654.0,225.0,62.0,62.0,147.0,-4.053700763115918
Ayo Dosunmu,1630245,0.497,0.8075000000000001,89.0,805.5,218.0,224.0,65.0,31.0,101.0,-4.107828935758735
Keldon Johnson,1629640,0.453,0.7705,130.5,1234.5,347.5,189.0,48.5,15.5,117.0,-4.109315954383135
Gary Trent Jr.,1629018,0.4295,0.8049999999999999,172.0,1061.0,180.5,112.5,90.5,12.0,51.0,-4.191631142887497
Harrison Barnes,203084,0.4735,0.8240000000000001,140.5,1115.0,307.5,113.5,55.5,11.0,72.0,-4.298724384328283
Ivica Zubac,1627826,0.6415,0.71,0.0,806.0,691.0,85.0,25.5,90.5,98.0,-4.41169166390844
Zion Williamson,1629627,0.589,0.708,6.5,1177.5,304.0,242.5,54.5,31.5,146.0,-4.522188267744962
Onyeka Okongwu,1630168,0.6245,0.787,13.5,676.0,476.0,77.5,41.0,83.5,63.0,-4.5749785709557065
Terry Rozier,1626179,0.435,0.859,115.75,934.75,188.25,250.75,50.0,14.5,86.5,-4.638495600257741
Naz Reid,1629675,0.507,0.7065,122.0,935.5,378.0,91.5,52.5,63.0,101.5,-4.8750134416437385
Dillon Brooks,1628415,0.412,0.8115,138.0,981.0,245.0,154.0,64.5,13.0,96.0,-4.922620741826829
Jaden McDaniels,1630183,0.503,0.729,96.5,855.0,265.5,124.5,68.5,59.0,99.5,-4.925429138825793
Devin Vassell,1630170,0.4555,0.7905,134.5,1013.0,204.5,206.5,58.0,20.0,82.5,-4.949369461449853
Mike Conley,201144,0.43825,0.85525,112.25,616.25,145.5,337.25,58.5,11.25,77.0,-4.969978325295468
Isaiah Hartenstein,1628392,0.5895,0.6915,4.5,494.0,581.0,145.0,70.0,74.5,79.5,-4.992516490034046
De'Anthony Melton,1629001,0.4054999999999999,0.8140000000000001,117.0,600.5,226.5,155.5,93.0,28.5,70.5,-5.020489939439708
Aaron Nesmith,1630174,0.4615,0.8095,127.5,807.5,276.0,103.0,60.0,41.5,69.5,-5.026173669669793
Jalen Suggs,1630591,0.4449999999999999,0.7395,109.5,733.5,195.0,180.0,86.5,37.0,113.0,-5.034544066134338
Jalen Duren,1631105,0.6335,0.7005,0.0,726.5,652.0,111.0,38.5,53.0,110.5,-5.143283453370175
Kevin Huerter,1628989,0.4639999999999999,0.7455,164.0,897.5,237.5,193.5,62.5,23.5,75.0,-5.17899539044144
Tim Hardaway Jr.,203501,0.4015,0.8109999999999999,211.5,1079.0,252.5,134.0,45.5,9.0,64.5,-5.229120444262891
Andrew Nembhard,1629614,0.4695,0.797,76.5,667.5,170.0,310.5,66.5,9.5,113.5,-5.276384019613211
Norman Powell,1626181,0.4825,0.8215,140.5,1037.5,185.0,95.5,46.5,20.0,83.5,-5.289772559280778
Kyle Anderson,203937,0.4845,0.7215,27.0,576.5,320.5,333.0,74.5,55.0,97.0,-5.3645935468305055
Immanuel Quickley,1630193,0.4395,0.84625,127.5,880.25,213.75,235.25,45.0,8.5,75.5,-5.384062875504999
Josh Hart,1628404,0.51325,0.76525,50.5,561.75,465.25,227.75,62.75,16.25,88.0,-5.463110302913873
Al Horford,201143,0.4935,0.7905,126.5,589.0,401.5,178.5,34.0,61.5,42.5,-5.500236058024036
Aaron Gordon,203932,0.56,0.633,50.0,1061.0,458.5,231.0,55.0,48.0,101.5,-5.514859459528096
Zach Collins,1628380,0.501,0.757,56.5,753.5,386.0,187.0,35.5,50.5,130.5,-5.574924234998018
Bennedict Mathurin,1631097,0.44,0.8245,90.0,1079.0,276.0,117.5,41.5,13.5,124.5,-5.684089506573818
Corey Kispert,1630557,0.4915,0.7889999999999999,173.5,945.0,216.0,121.5,36.5,12.5,76.5,-5.9095807101360185
Dennis Schröder,203471,0.429,0.8355,87.5,768.5,162.25,318.5,44.0,11.0,104.5,-5.917088637220935
Malcolm Brogdon,1627763,0.4619999999999999,0.8445,107.0,806.5,214.0,231.0,36.0,13.0,79.0,-5.99907463883357
Kelly Oubre Jr.,1626162,0.436,0.755,104.5,1010.5,295.0,77.5,72.5,32.5,75.5,-6.106101164121355
Daniel Gafford,1629655,0.73175,0.6665,0.0,583.25,389.25,78.5,40.75,101.25,58.25,-6.149143162682776
Cade Cunningham,1630595,0.432,0.853,68.0,822.0,171.0,268.0,33.0,14.5,125.5,-6.159759655096088
LaMelo Ball,1630163,0.422,0.8505,107.0,682.0,172.0,240.0,43.0,7.5,106.0,-6.215174191482965
Patrick Williams,1630172,0.4535,0.8225,87.0,631.0,246.5,83.0,56.0,51.5,79.0,-6.222047529401022
Clint Capela,203991,0.612,0.617,0.0,807.5,746.5,74.5,44.0,92.5,64.0,-6.256230687979059
Khris Middleton,203114,0.4645,0.8674999999999999,72.5,662.5,198.5,227.5,37.0,10.0,99.0,-6.2946535472674
De'Andre Hunter,1629631,0.46,0.8365,108.5,960.0,253.0,90.5,37.5,16.5,82.5,-6.402964654453378
Cason Wallace,1641717,0.491,0.784,98.0,561.0,187.0,120.0,76.0,37.0,45.0,-6.571655653419173
Marcus Sasser,1631204,0.428,0.879,90.0,586.0,125.0,236.0,44.0,12.0,90.0,-6.579555497803169
Cam Thomas,1630560,0.4415,0.862,97.5,1043.0,154.5,135.0,32.5,11.5,93.5,-6.597054112666847
Russell Westbrook,201566,0.4489999999999999,0.66425,55.0,768.0,297.25,352.0,56.5,22.25,163.5,-6.617420657484821
Caleb Martin,1628997,0.4475,0.7915000000000001,82.5,661.5,312.5,130.0,59.0,30.0,77.5,-6.725442790135143
Moritz Wagner,1629021,0.5505,0.8274999999999999,44.5,734.0,303.0,90.0,38.0,17.0,82.5,-6.770587025747094
Jeremy Sochan,1631110,0.4455,0.7344999999999999,51.5,737.5,385.5,195.5,52.5,31.5,118.5,-6.898015271457836
Walker Kessler,1631117,0.687,0.5589999999999999,2.5,598.5,550.5,64.5,28.0,163.5,62.0,-6.900701163168016
Georges Niang,1627777,0.4455,0.8585,151.5,702.5,231.5,87.5,30.0,16.0,63.0,-6.902078089178523
Damion Lee,1627814,0.442,0.904,110.0,604.0,225.0,99.0,30.0,7.0,78.0,-6.997320641718911
Amen Thompson,1641708,0.536,0.684,8.0,592.0,409.0,163.0,78.0,38.0,90.0,-7.020201515150214
Ja Morant,1629630,0.4685,0.7805,53.0,911.0,203.5,283.0,36.5,10.5,116.5,-7.040692866108807
Isaiah Joe,1630198,0.4495,0.8425,154.0,663.5,177.5,93.5,47.0,15.0,43.0,-7.0554836150394715
Terance Mann,1629611,0.517,0.806,74.0,685.5,265.0,151.5,42.5,18.5,64.0,-7.100227202113172
Nick Richards,1630208,0.6599999999999999,0.743,0.5,592.0,477.5,46.0,18.5,72.5,66.0,-7.1810006209956
Jonathan Kuminga,1630228,0.527,0.6990000000000001,53.5,927.0,293.0,144.0,48.0,33.5,108.5,-7.2627028982057515
OG Anunoby,1628384,0.4854999999999999,0.77475,86.5,647.5,187.0,86.25,66.0,30.5,73.5,-7.278519965298462
Spencer Dinwiddie,203915,0.4128333333333333,0.816,101.66666666666669,721.3333333333334,158.33333333333334,290.3333333333333,39.333333333333336,15.333333333333334,78.66666666666667,-7.321332656582076
Saddiq Bey,1630180,0.428,0.8552499999999998,103.75,746.75,283.75,82.0,47.75,9.25,49.0,-7.381398531274972
Wendell Carter Jr.,1628976,0.525,0.716,72.0,735.5,439.0,113.5,32.5,30.5,87.0,-7.745193321070743
Bruce Brown,1628971,0.47925,0.8079999999999999,49.25,593.75,224.0,163.0,51.25,21.25,73.75,-7.790784594285795
Paul Reed,1630194,0.5665,0.7315,11.0,443.5,375.0,68.0,56.5,67.5,56.0,-7.8022436035703375
Toumani Camara,1641739,0.45,0.758,58.0,527.0,343.0,87.0,66.0,33.0,84.0,-7.814462743133015
Drew Eubanks,1629234,0.621,0.7190000000000001,5.0,448.5,370.0,83.0,33.5,81.5,64.0,-7.905009173539675
Luke Kornet,1628436,0.6825,0.864,2.0,297.5,229.0,60.0,17.0,53.5,23.0,-7.940535144514163
Obi Toppin,1630167,0.5095,0.7895000000000001,93.5,670.0,253.5,97.0,35.0,27.5,53.5,-8.064590548602538
Brandin Podziemski,1641764,0.454,0.633,90.0,682.0,427.0,273.0,61.0,14.0,88.0,-8.120015123636282
Duncan Robinson,1629130,0.4105,0.8975,125.0,571.5,121.0,119.0,30.0,8.0,61.5,-8.191341564633337
Sam Hauser,1630573,0.4505,0.8005,168.5,612.0,240.0,76.5,34.5,23.0,31.0,-8.20364383204471
Marcus Smart,203935,0.4225,0.757,78.5,496.0,122.0,234.0,67.0,14.0,102.5,-8.233499052888668
Naji Marshall,1630230,0.448,0.79,62.0,582.0,259.5,158.5,51.5,13.0,81.0,-8.3202565898563
Christian Wood,1626174,0.4905,0.737,70.0,730.5,372.5,85.0,23.0,52.5,85.5,-8.398242813923709
Malaki Branham,1631103,0.436,0.851,85.0,681.5,164.5,141.5,30.0,7.5,83.5,-8.453378169878574
Aaron Wiggins,1630598,0.537,0.81,55.0,510.5,198.0,83.0,47.5,17.0,55.5,-8.470756100393162
P.J. Washington,1629023,0.4367499999999999,0.68825,103.25,755.5,295.0,114.25,52.5,49.25,75.5,-8.484077421944095
Taurean Prince,1627752,0.4545,0.7895,107.5,595.0,181.0,101.5,43.0,25.0,71.0,-8.501966614982202
Larry Nance Jr.,1626204,0.5914999999999999,0.733,20.5,395.5,330.5,116.0,58.5,28.0,45.5,-8.503224392420375
Kyle Lowry,200768,0.4265,0.845,75.75,397.25,153.25,196.75,43.75,15.75,68.25,-8.608242277757755
Jalen Johnson,1630552,0.501,0.6779999999999999,50.5,645.5,385.0,143.0,52.5,40.5,71.0,-8.665865035076557
Reggie Jackson,202704,0.41075,0.8682500000000001,73.5,554.75,110.75,193.5,34.5,6.25,84.0,-8.735319335804354
Eric Gordon,201569,0.44775,0.81875,103.5,615.25,97.5,126.25,38.0,20.0,70.25,-8.762001821655444
Santi Aldama,1630583,0.4525,0.6855,100.0,675.0,361.5,117.5,44.0,51.0,64.5,-8.770832644821914
John Konchar,1629723,0.427,0.8089999999999999,49.0,299.5,283.5,105.0,64.0,38.0,41.5,-8.911996168264592
Kevon Looney,1626172,0.6134999999999999,0.6405000000000001,0.0,456.0,589.5,170.0,40.0,39.5,47.5,-8.990179151980957
Luke Kennard,1628379,0.4825,0.93375,93.25,380.25,107.25,79.5,21.0,3.0,36.5,-9.017588786477202
Malik Beasley,1627736,0.4065,0.73575,173.5,734.75,214.0,89.0,47.25,6.75,58.5,-9.140402433238945
RJ Barrett,1629628,0.47625,0.72875,75.25,942.75,249.5,146.75,23.25,14.75,104.0,-9.142815336822762
Talen Horton-Tucker,1629659,0.4075,0.7785,59.0,607.0,165.5,211.5,43.0,24.0,95.5,-9.166684614164083
Bol Bol,1629626,0.581,0.774,26.0,428.5,271.0,43.0,20.0,55.0,65.5,-9.375760494925704
Mason Plumlee,203486,0.66125,0.6799999999999999,0.0,489.5,408.5,136.25,26.5,27.75,67.5,-9.37716876927203
Jakob Pöltl,1627751,0.63825,0.57925,0.0,587.25,433.75,130.25,41.75,62.0,81.75,-9.389425224026773
Grant Williams,1629684,0.4565,0.7592500000000001,91.75,552.25,249.75,119.75,32.25,27.25,75.0,-9.410954477334332
Bilal Coulibaly,1641731,0.435,0.702,64.0,532.0,256.0,110.0,57.0,48.0,87.0,-9.435173304042447
Bojan Bogdanović,202711,0.4599999999999999,0.812,102.75,752.25,131.75,86.5,23.5,4.5,84.25,-9.441423361416707
Jalen Smith,1630188,0.534,0.7255,57.5,621.5,365.5,64.5,19.0,49.0,58.0,-9.621063181832755
Isaac Okoro,1630171,0.492,0.718,73.0,568.5,196.5,109.5,56.5,32.0,48.0,-9.634347787765371
Josh Richardson,1626196,0.4325,0.86025,70.0,433.25,117.75,113.25,40.5,13.5,52.0,-9.687811391840105
Joe Ingles,204060,0.4355,0.8405,76.5,306.5,135.0,176.5,38.0,5.5,61.0,-9.828123267109769
Andrew Wiggins,203952,0.4629999999999999,0.681,90.0,786.0,253.5,102.0,43.5,34.5,67.5,-9.884350289696638
Royce O'Neale,1626220,0.3955,0.69625,118.75,471.75,284.5,180.25,45.75,34.25,65.0,-9.91802496463703
Ausar Thompson,1641709,0.483,0.597,21.0,556.0,402.0,120.0,68.0,59.0,84.0,-9.943504510221443
Vlatko Čančar,1628427,0.476,0.927,43.0,297.0,128.0,80.0,22.0,14.0,37.0,-9.992040344697841
Aaron Holiday,1628988,0.432,0.8825000000000001,60.0,380.5,98.5,114.5,39.5,9.0,44.5,-10.015528872073638
Cameron Johnson,1629661,0.4644999999999999,0.8250000000000001,86.0,519.0,155.25,73.5,37.25,10.75,32.75,-10.148819456042654
Shaedon Sharpe,1631101,0.439,0.7689999999999999,81.0,649.5,198.0,94.0,33.0,18.0,77.5,-10.156684678787672
Duop Reath,1641871,0.461,0.742,88.0,617.0,250.0,67.0,33.0,38.0,52.0,-10.164006241960275
Gradey Dick,1641711,0.425,0.863,88.0,510.0,132.0,68.0,34.0,2.0,50.0,-10.183837641591037
Torrey Craig,1628470,0.443,0.7304999999999999,80.0,445.5,321.5,87.5,40.0,41.5,52.5,-10.193168519534632
Dwight Powell,203939,0.7055,0.6875,0.5,357.0,264.0,76.5,37.0,23.0,48.5,-10.2197330780514
Chris Boucher,1628449,0.5,0.767,46.5,517.0,314.0,26.0,30.5,44.0,34.5,-10.399420751754889
Jose Alvarado,1630631,0.4115,0.743,80.5,473.5,134.5,151.5,63.0,12.5,60.5,-10.441571350724137
Isaiah Jackson,1630543,0.614,0.6835,1.0,419.0,260.0,50.5,32.5,77.0,45.0,-10.463479487942438
Andre Drummond,203083,0.581,0.5640000000000001,0.0,531.0,576.0,35.0,59.0,37.5,78.0,-10.50842241670808
Payton Pritchard,1630202,0.44,0.7855,101.5,528.5,176.5,172.5,26.5,3.5,50.5,-10.524401654219083
Isaiah Stewart,1630191,0.4645,0.7455,67.0,535.0,354.0,71.5,18.5,36.0,67.0,-10.524867547182808
Tari Eason,1631106,0.457,0.694,38.5,487.5,324.5,57.5,63.5,33.0,60.5,-10.56612450500256
Gary Harris,203914,0.4455,0.8280000000000001,85.0,384.5,94.5,73.0,47.0,13.0,29.5,-10.598903180670124
Cameron Payne,1626166,0.4287499999999999,0.8465,69.0,412.25,85.0,156.0,29.25,7.5,53.25,-10.733779086376611
GG Jackson,1641713,0.428,0.752,102.0,699.0,196.0,59.0,28.0,24.0,65.0,-10.770102806318373
Trayce Jackson-Davis,1631218,0.702,0.561,0.0,540.0,341.0,82.0,29.0,76.0,49.0,-10.83737229120901
Trendon Watford,1630570,0.5435000000000001,0.757,26.0,445.5,216.0,105.5,27.5,15.5,67.0,-10.865159943681853
Josh Green,1630182,0.508,0.7035,70.0,507.5,183.0,116.5,44.5,7.0,66.0,-10.966062937965239
Dereck Lively II,1641726,0.747,0.506,0.0,483.0,378.0,60.0,36.0,77.0,50.0,-10.9960783386058
Derrick Jones Jr.,1627884,0.4915,0.7255,54.5,488.0,201.5,54.5,41.0,44.0,45.0,-11.01577551645855
Danté Exum,203957,0.533,0.779,53.0,428.0,149.0,157.0,22.0,5.0,49.0,-11.027263427736584
Jarred Vanderbilt,1629020,0.53775,0.6997500000000001,16.5,347.0,325.5,101.0,50.5,11.75,55.5,-11.108586770483836
Kris Dunn,1627739,0.5035000000000001,0.731,29.0,323.5,144.5,189.0,46.5,19.0,57.0,-11.145120752653188
Trey Lyles,1626168,0.4515,0.7575,85.5,490.5,278.5,69.0,22.0,25.0,51.0,-11.161853203731452
Kevin Love,201567,0.4014999999999999,0.853,70.5,375.75,284.0,86.75,12.5,8.5,47.0,-11.394414913165612
Vince Williams Jr.,1631246,0.373,0.9,41.5,275.5,152.5,89.5,26.5,18.0,48.5,-11.40595987863658
Dorian Finney-Smith,1627827,0.39475,0.75475,86.25,420.5,237.25,76.75,41.5,27.5,45.75,-11.435942110177326
Jevon Carter,1628975,0.4004999999999999,0.6935,109.5,504.0,131.0,145.5,51.5,22.5,57.0,-11.453049348741773
Simone Fontecchio,1631323,0.4395,0.8147500000000001,82.75,428.0,144.5,61.0,25.75,13.5,43.75,-11.52438665999373
Jordan Hawkins,1641722,0.382,0.838,109.0,524.0,148.0,70.0,19.0,7.0,40.0,-11.656539843013801
Tre Mann,1630544,0.45125,0.8215,43.75,320.25,113.25,112.5,35.5,4.25,48.0,-11.73225681326739
Sam Merrill,1630241,0.4054999999999999,0.9645,74.0,255.0,64.5,56.5,11.5,2.0,9.5,-11.812025673987744
Jock Landale,1629111,0.5215000000000001,0.776,15.5,365.0,226.0,66.5,18.0,31.5,45.0,-11.958483883975138
Jay Huff,1630643,0.6,0.969,4.5,37.0,16.0,6.0,2.5,3.5,3.0,-12.018088296355716
Pat Connaughton,1626192,0.4135,0.7090000000000001,95.5,447.0,261.0,119.0,38.5,15.0,41.0,-12.021587505250926
Josh Okogie,1629006,0.404,0.7344999999999999,47.5,403.0,202.5,84.5,52.0,29.0,49.5,-12.045552407534279
Dario Šarić,203967,0.4664999999999999,0.835,41.0,309.75,174.25,73.0,17.75,6.0,47.0,-12.152013720578692
Davion Mitchell,1630558,0.453,0.76,60.0,414.5,100.0,159.5,30.5,9.0,52.5,-12.184663384626008
Marvin Bagley III,1628963,0.57175,0.7599999999999999,9.25,417.5,223.25,36.5,14.75,24.0,41.0,-12.268959331701103
Alec Burks,202692,0.3765,0.828,86.75,507.5,114.5,72.5,23.5,8.0,38.5,-12.407811179515763
Jeff Green,201145,0.472,0.7815,41.5,473.0,161.0,69.5,17.0,24.0,46.0,-12.419138660212244
Mark Williams,1631109,0.643,0.705,0.0,314.5,244.0,20.0,22.0,32.5,28.5,-12.435894863067704
Rui Hachimura,1629060,0.499,0.7394999999999999,50.0,584.25,215.0,49.25,19.75,19.25,38.0,-12.43613822740055
Jacob Toppin,1631210,0.556,1.0,1.0,13.0,7.0,3.0,0.0,1.0,1.0,-12.491329466295632
Taylor Hendricks,1641707,0.45,0.793,53.0,292.0,185.0,32.0,28.0,30.0,27.0,-12.512578960413647
Jordan Miller,1641757,0.556,1.0,1.0,13.0,5.0,0.0,0.0,0.0,1.0,-12.557854279080514
Jaden Hardy,1630702,0.4225,0.7995,72.0,475.0,110.0,87.0,19.5,5.5,54.0,-12.582467414376694
Bones Hyland,1630538,0.39625,0.8105,69.5,393.5,81.25,109.25,26.0,8.5,52.0,-12.611773094903516
Jericho Sims,1630579,0.7335,0.7085,0.0,135.0,194.5,25.0,11.5,23.5,21.5,-12.681876732216985
Delon Wright,1626153,0.41375,0.8325,22.75,197.25,88.0,108.0,50.0,9.75,18.0,-12.698630254536694
Jabari Walker,1631133,0.4395,0.755,28.5,427.0,319.5,52.5,26.0,17.5,47.5,-12.708161761364359
Christian Braun,1631128,0.4775,0.6595,48.5,480.0,243.5,95.5,41.5,26.0,45.0,-12.718391886695205
Seth Curry,203552,0.417,0.9105,42.5,253.25,59.0,46.75,20.0,4.75,23.25,-12.740897813076721
Ben Sheppard,1641767,0.393,0.885,49.0,252.0,89.0,53.0,33.0,2.0,15.0,-12.845839293145158
AJ Green,1631260,0.4235,0.9475,56.5,203.0,54.5,26.0,7.5,2.0,10.5,-12.898894731371497
Thomas Bryant,1628418,0.58475,0.76825,14.0,343.75,204.75,21.25,10.5,19.0,24.25,-12.948785145767674
Moses Moody,1630541,0.469,0.7415,60.5,417.5,150.5,54.0,30.0,15.5,39.0,-12.965717898484687
Dyson Daniels,1630700,0.4325,0.646,34.5,290.5,212.0,149.0,64.0,18.0,58.0,-13.001482021125122
Brice Sensabaugh,1641729,0.39,0.902,34.0,241.0,102.0,55.0,13.0,6.0,47.0,-13.05355304550353
Jaylin Williams,1631119,0.4265,0.7545,49.5,282.0,237.5,93.0,28.0,19.5,35.5,-13.121024775518952
Miles McBride,1630540,0.405,0.7635000000000001,74.5,392.0,75.0,93.0,43.5,7.5,27.5,-13.15998427096372
Robert Williams III,1629057,0.7005,0.694,0.0,160.0,165.0,27.5,14.5,27.5,20.5,-13.337640392679553
Vasilije Micić,203995,0.4246666666666667,0.7963333333333334,28.666666666666668,281.3333333333333,58.66666666666666,174.66666666666666,20.666666666666668,4.666666666666667,66.0,-13.340735015586233
Matisse Thybulle,1629680,0.42525,0.70325,47.0,235.0,104.0,49.0,69.75,28.25,22.0,-13.373458955038013
Charles Bassey,1629646,0.6845,0.714,1.5,131.0,134.5,34.5,12.0,25.0,28.0,-13.381696853214862
Gui Santos,1630611,0.509,0.941,10.0,82.0,49.0,14.0,4.0,2.0,7.0,-13.396308397022182
Precious Achiuwa,1630173,0.4924999999999999,0.633,20.25,409.5,325.5,61.0,30.75,41.5,56.25,-13.469413423341022
Cam Reddish,1629629,0.43175,0.831,31.75,258.5,68.75,40.5,31.25,10.5,31.25,-13.478749454542195
Nick Smith Jr.,1641733,0.391,0.867,63.0,302.0,72.0,59.0,10.0,7.0,39.0,-13.4839753575636
Cam Whitmore,1641715,0.454,0.679,79.0,579.0,180.0,33.0,30.0,17.0,46.0,-13.534201221641148
Josh Christopher,1630528,0.465,0.75,21.0,372.0,71.0,73.0,33.0,15.0,60.0,-13.537145050417458
Amir Coffey,1629599,0.429,0.8185,40.5,317.5,100.5,64.5,24.0,9.5,27.0,-13.575150292847256
Ziaire Williams,1630533,0.413,0.8,41.5,315.0,129.5,55.0,25.0,7.5,51.5,-13.593589464315636
Quentin Grimes,1629656,0.3622499999999999,0.79175,79.75,379.25,107.25,70.5,29.25,10.0,31.25,-13.723188537711623
Jaxson Hayes,1629637,0.6355,0.6605,1.5,268.0,171.5,33.5,27.0,24.0,37.0,-13.74592810049164
Lindy Waters III,1630322,0.432,0.9,47.5,175.5,57.5,26.0,9.5,9.0,8.5,-13.75236808972068
Kris Murray,1631200,0.396,0.661,49.0,376.0,224.0,80.0,53.0,21.0,55.0,-13.76000101895004
Jordan McLaughlin,1629162,0.4519999999999999,0.7775,33.0,178.0,67.0,129.0,33.5,5.5,26.0,-13.938928909650675
Craig Porter Jr.,1641854,0.509,0.732,12.0,285.0,109.0,118.0,21.0,15.0,45.0,-14.021081613068542
Chris Duarte,1630537,0.375,0.8175,49.5,296.0,110.5,54.0,26.5,8.5,33.5,-14.0741133064389
Gary Payton II,1627780,0.58725,0.78325,11.5,110.5,62.75,27.0,20.75,7.0,14.75,-14.082084855622035
Nickeil Alexander-Walker,1629638,0.43875,0.6945,63.25,345.25,92.25,105.0,32.0,21.0,46.5,-14.0900787713439
Day'Ron Sharpe,1630549,0.5575,0.623,5.0,321.0,294.5,61.0,19.5,38.0,56.0,-14.13881422031991
Garrison Mathews,1629726,0.39775,0.8755000000000001,52.75,209.75,59.5,22.25,17.0,4.5,14.25,-14.236740625530786
James Wiseman,1630164,0.5825,0.70075,2.0,336.5,217.5,28.5,6.5,23.25,42.0,-14.280078085795534
Nikola Jović,1631107,0.429,0.8245,36.5,217.0,111.5,50.0,16.0,8.0,26.0,-14.330392697166618
Jarace Walker,1641716,0.409,0.889,22.0,120.0,63.0,40.0,15.0,11.0,17.0,-14.333543308744941
Josh Minott,1631169,0.486,0.9285,3.0,48.0,21.0,6.5,4.5,5.5,2.5,-14.445880172098324
Max Christie,1631108,0.421,0.829,34.0,206.0,108.5,40.5,14.5,12.0,24.0,-14.533343570021147
Mitchell Robinson,1629011,0.623,0.4465,0.0,304.0,409.0,35.5,46.5,72.0,33.0,-14.579641203942254
Kai Jones,1630539,0.558,0.731,4.0,157.0,123.0,15.0,17.0,30.0,31.0,-14.582170874394958
Ochai Agbaji,1630534,0.41375,0.7085,51.25,344.25,138.25,58.25,27.5,25.75,42.25,-14.701338113754298
David Roddy,1631223,0.41725,0.75225,40.25,329.0,153.75,54.75,20.75,10.25,42.75,-14.724767723662655
Dean Wade,1629731,0.413,0.7105,62.0,248.5,184.0,40.0,34.0,23.0,18.5,-14.784995016667462
Shake Milton,1629003,0.4301999999999999,0.8308,18.4,213.8,68.2,72.0,12.6,5.0,31.2,-14.816977495960325
Jae'Sean Tate,1630256,0.476,0.696,18.0,274.0,157.5,74.0,31.5,11.0,42.0,-14.875091569281043
Tyrese Martin,1631213,0.391,1.0,1.0,21.0,12.0,2.0,1.0,0.0,2.0,-14.931163720073956
Dalano Banton,1630625,0.402,0.76775,33.25,314.0,100.25,72.5,19.75,13.25,43.0,-14.957095715239491
Jeremiah Robinson-Earl,1630526,0.4589999999999999,0.7915,25.0,203.5,128.0,32.0,17.0,7.5,17.5,-15.0345900541814
Jalen Wilson,1630592,0.425,0.826,24.0,214.0,131.0,45.0,11.0,4.0,19.0,-15.080978330159008
Jake LaRavia,1631222,0.389,0.802,38.5,242.0,95.5,39.5,20.5,8.0,31.5,-15.147970965639525
Caleb Houstan,1631216,0.3755,0.8205,59.0,223.0,91.5,29.5,13.5,5.5,17.0,-15.439330230185307
Javonte Green,1629750,0.5825,0.718,11.5,137.5,77.5,14.0,17.0,14.5,13.5,-15.502638343119436
Anthony Black,1641710,0.466,0.613,37.0,316.0,139.0,91.0,35.0,21.0,56.0,-15.506702559897702
Bryce McGowens,1631121,0.4175,0.763,30.0,274.0,97.5,52.5,18.0,8.0,36.5,-15.556919744617703
David Duke Jr.,1630561,0.509,0.853,2.0,55.5,19.5,13.0,6.0,0.5,10.5,-15.577074451760348
Anthony Gill,1630264,0.5035000000000001,0.7685,7.0,192.0,96.5,34.0,10.0,11.5,19.0,-15.654103970578886
Bruno Fernando,1628981,0.55125,0.7204999999999999,0.0,147.0,116.75,27.0,9.25,24.0,23.5,-15.715746132522602
Maxi Kleber,1628467,0.444,0.7064999999999999,35.5,205.5,139.0,60.0,14.5,30.0,27.5,-15.823717936150608
Richaun Holmes,1626158,0.573,0.73225,1.75,132.0,111.0,14.75,6.25,12.25,15.5,-15.94757556095142
Andre Jackson Jr.,1641748,0.5,0.727,17.0,125.0,113.0,50.0,16.0,6.0,28.0,-15.98773040608642
Jaden Springer,1630531,0.427,0.8205,5.5,92.0,42.5,24.0,19.75,8.25,17.75,-16.011856525717203
Steven Adams,203500,0.597,0.364,0.0,361.0,485.0,97.0,36.0,46.0,79.0,-16.022627707261385
Gabe Vincent,1629216,0.354,0.6859999999999999,60.0,337.5,77.0,94.0,35.5,2.5,48.5,-16.167653933844296
Peyton Watson,1631212,0.4785,0.6100000000000001,25.5,303.5,147.5,48.5,22.0,49.5,33.0,-16.26123841833109
Haywood Highsmith,1629312,0.448,0.5515,56.5,320.5,199.0,56.5,44.5,23.5,39.5,-16.351904519916292
Zeke Nnaji,1630192,0.512,0.661,11.5,231.5,132.0,25.0,16.0,30.5,29.0,-16.38886655077612
MarJon Beauchamp,1630699,0.4415,0.7045,38.5,238.5,107.0,33.0,17.0,7.0,36.0,-16.552409072222424
Orlando Robinson,1631115,0.514,0.735,4.0,107.5,105.0,29.5,9.5,10.0,17.0,-16.589150667002222
Jonathan Isaac,1628371,0.4625,0.638,24.0,224.0,152.0,18.0,28.5,37.0,15.5,-16.749129334399147
Jamal Cain,1631288,0.4955,0.778,9.0,97.5,44.5,11.0,10.5,3.0,7.0,-16.75997430703711
Christian Koloko,1631132,0.48,0.627,1.0,182.0,171.0,31.0,21.0,57.0,20.0,-16.788112800891092
Ousmane Dieng,1631172,0.421,0.7635000000000001,23.5,163.0,78.0,41.5,11.0,6.0,22.5,-16.850077609422517
Mo Bamba,1628964,0.46925,0.643,30.25,224.75,172.0,33.25,12.0,36.5,24.75,-16.867346905202783
Noah Clowney,1641730,0.538,0.7,12.0,133.0,81.0,18.0,8.0,16.0,15.0,-16.925233907195885
Nicolas Batum,201587,0.426,0.534,67.5,279.5,198.75,94.25,37.5,30.0,32.5,-16.96723502938186
Dominick Barlow,1631230,0.5155000000000001,0.705,1.5,127.0,107.5,30.0,11.0,16.5,12.0,-17.02202110033775
Cory Joseph,202709,0.393,0.6815,41.5,245.0,68.0,129.5,19.0,6.0,34.0,-17.143298842923734
Sidy Cissoko,1631321,0.485,0.8,1.0,45.0,22.0,10.0,7.0,3.0,3.0,-17.168034502381136
Luka Garza,1630568,0.5115000000000001,0.754,11.5,140.0,47.0,11.0,3.5,1.5,10.0,-17.21230165840772
Monté Morris,1628420,0.4165,0.68025,33.0,241.0,81.0,116.0,20.25,7.75,18.5,-17.22914242203396
Jared Rhoden,1631197,0.443,0.8125,8.5,64.0,35.0,9.0,3.5,7.0,5.0,-17.291553744108896
Keon Ellis,1631165,0.4495,0.657,38.0,167.0,66.0,45.5,28.0,15.0,19.0,-17.323124249221376
KJ Martin,1630231,0.51225,0.5637500000000001,21.0,371.75,178.5,56.25,21.25,13.5,38.75,-17.403987406421273
Kenrich Williams,1629026,0.4925,0.4679999999999999,53.0,375.0,235.0,99.0,41.5,11.5,32.0,-17.511872044057966
Ricky Council IV,1641741,0.482,0.746,12.0,173.0,46.0,16.0,8.0,1.0,5.0,-17.58537011625557
Alex Len,203458,0.575,0.6379999999999999,0.0,81.5,94.0,31.0,7.5,22.0,21.5,-17.59762551451691
Goga Bitadze,1629048,0.5622499999999999,0.5820000000000001,3.5,161.25,140.0,39.25,16.0,31.0,22.0,-17.63041824999071
Blake Wesley,1631104,0.3974999999999999,0.629,16.0,226.0,88.0,132.0,27.0,7.0,60.0,-17.633424196277918
Stanley Umude,1630649,0.22,0.953,12.0,64.5,25.5,5.5,4.5,4.0,7.0,-17.696428690794345
Keon Johnson,1630553,0.3785,0.788,16.0,110.0,25.5,31.0,11.0,3.5,24.0,-17.720101788805433
Rayan Rupert,1641712,0.335,0.76,28.0,155.0,92.0,62.0,12.0,3.0,31.0,-17.777243684026274
Julian Strawther,1631124,0.369,0.71,41.0,227.0,61.0,47.0,17.0,7.0,23.0,-17.967613110057
Tristan Vukcevic,1641774,0.433,0.773,10.0,85.0,36.0,13.0,5.0,7.0,10.0,-17.985197672668825
JT Thor,1630550,0.418,0.626,33.5,230.5,149.0,32.5,16.5,25.0,29.5,-18.089001849031497
Sandro Mamukelashvili,1630572,0.4185,0.6945,19.75,179.0,129.25,43.25,8.75,9.0,22.25,-18.11185321361477
DeAndre Jordan,201599,0.6945,0.4745,0.5,170.5,179.5,30.0,9.0,19.5,35.5,-18.221055327808827
Ben Simmons,1627732,0.5734999999999999,0.4195,0.0,191.5,191.0,171.0,33.0,16.5,62.0,-18.25851620887513
Garrett Temple,202066,0.386,0.784,11.5,69.0,31.0,20.5,10.5,2.5,9.0,-18.310512459564528
Trevelin Queen,1630243,0.3045,0.875,2.5,30.5,18.5,12.0,4.5,5.0,7.0,-18.32377868069935
E.J. Liddell,1630604,0.167,1.0,0.0,4.0,5.0,1.0,2.0,2.0,2.0,-18.364985455405723
Xavier Tillman,1630214,0.4927499999999999,0.4952499999999999,11.0,249.25,182.25,62.5,40.0,29.25,28.0,-18.368124453890193
Doug McDermott,203926,0.4345,0.606,77.75,339.0,64.0,57.75,11.25,2.5,28.5,-18.372498311987055
Chris Livingston,1641753,0.5,0.75,1.0,26.0,21.0,5.0,2.0,0.0,5.0,-18.424433782266988
P.J. Tucker,200782,0.3857499999999999,0.7065,20.25,92.5,116.25,23.0,17.75,7.25,15.0,-18.531259317820275
Jeff Dowtin Jr.,1630288,0.4975,0.7085,7.0,56.5,21.5,29.0,8.0,2.0,5.0,-18.57394024589456
Oscar Tshiebwe,1631131,0.5,0.75,0.0,26.0,16.0,2.0,2.0,1.0,0.0,-18.574843644477355
Brandon Boston Jr.,1630527,0.411,0.73,13.0,155.0,41.0,16.5,10.0,4.0,18.0,-18.59985187499971
Mouhamed Gueye,1631243,0.348,0.833,3.0,24.0,22.0,4.0,5.0,4.0,1.0,-18.73734534365249
Jalen Pickett,1629618,0.429,0.75,9.0,42.0,14.0,21.0,4.0,0.0,9.0,-19.029052476741175
Cody Zeller,203469,0.523,0.6455,0.5,87.0,88.0,24.5,6.0,4.5,15.0,-19.040440562489668
Dalen Terry,1631207,0.4415,0.624,12.0,132.5,75.0,51.5,19.0,11.5,20.0,-19.246844149281962
Svi Mykhailiuk,1629004,0.4505,0.6525000000000001,31.5,151.5,39.25,35.25,10.25,2.25,15.0,-19.247174895911822
Scotty Pippen Jr.,1630590,0.413,0.6505000000000001,15.5,142.5,35.5,50.0,19.0,5.5,29.0,-19.264838348523163
Patrick Baldwin Jr.,1631116,0.3875,0.673,31.5,145.0,81.5,20.0,12.0,9.5,15.0,-19.336807714503877
Collin Gillespie,1631221,0.464,0.667,15.0,87.0,21.0,27.0,13.0,0.0,14.0,-19.357181433944366
Dru Smith,1630696,0.40775,0.75,4.25,31.75,15.5,14.5,7.25,2.75,2.75,-19.39603126807282
Patty Mills,201988,0.36825,0.70825,24.25,125.0,28.5,31.0,13.75,1.25,15.5,-19.460290539791334
Brandon Clarke,1629634,0.6075,0.433,1.0,313.0,171.0,40.5,19.5,21.5,29.0,-19.550881929471807
D.J. Carton,1630618,0.375,0.8,1.0,11.0,4.0,3.0,1.0,0.0,1.0,-19.562366430390604
Vít Krejčí,1630249,0.4475,0.6665,16.5,85.5,39.0,33.5,9.0,3.5,12.5,-19.570491742170272
Markieff Morris,202693,0.39325,0.70825,17.75,82.5,45.25,19.5,5.75,3.25,12.0,-19.752106960842045
Quenton Jackson,1631245,0.226,0.8865000000000001,0.5,29.0,6.0,8.5,2.5,0.5,2.0,-19.777548241486244
Adama Sanogo,1641766,0.519,0.667,0.0,36.0,36.0,0.0,1.0,0.0,5.0,-19.91282168009643
Taj Gibson,201959,0.45,0.6785,3.0,59.0,41.75,14.0,5.25,6.5,9.0,-19.94639678714734
James Johnson,201949,0.3745,0.75,1.5,29.5,17.0,11.5,6.0,3.5,6.5,-19.949201580008754
Julian Phillips,1641763,0.416,0.684,12.0,89.0,36.0,13.0,7.0,7.0,10.0,-19.999048592604986
Moussa Diabaté,1631217,0.5185,0.634,0.5,44.0,37.0,4.0,6.0,4.5,5.5,-20.1463494831006
Nate Williams,1631466,0.5775,0.6025,2.5,58.0,19.0,8.5,3.5,1.5,4.0,-20.17326874312153
Olivier-Maxence Prosper,1641765,0.385,0.683,13.0,121.0,79.0,22.0,7.0,4.0,8.0,-20.185676712635175
Lester Quinones,1631311,0.3985,0.6785,17.0,87.0,37.5,19.0,3.5,1.0,11.0,-20.57645799410409
Julian Champagnie,1630577,0.33075,0.61575,41.75,208.5,81.5,30.75,15.0,13.0,19.75,-20.60900500213339
Cody Martin,1628998,0.385,0.5885,15.0,123.0,66.5,57.5,18.0,9.5,23.0,-20.893007571657616
Daishen Nix,1630227,0.3585,0.5835,23.0,126.5,50.5,69.0,18.0,3.5,45.5,-20.947943275643524
Ryan Rollins,1631157,0.47225,0.6325000000000001,2.25,27.75,9.5,8.5,5.25,1.75,8.0,-21.097611974420097
Leonard Miller,1631159,0.65,0.5,2.0,29.0,20.0,8.0,2.0,1.0,1.0,-21.506034072652138
Kessler Edwards,1630556,0.37175,0.6395000000000001,13.5,73.25,41.0,15.25,9.5,4.0,7.5,-21.601658523855754
Daniel Theis,1628464,0.44875,0.48425,13.5,200.25,127.5,32.75,11.0,27.0,21.75,-21.68574106537664
Johnny Juzang,1630548,0.4005,0.607,23.5,115.5,37.5,15.5,4.0,2.5,8.0,-21.893143930714473
Johnny Davis,1631098,0.3945,0.5509999999999999,15.5,157.5,68.5,30.0,14.0,9.0,15.0,-22.059769241508867
JD Davison,1631120,0.419,0.625,2.5,17.5,9.5,10.5,1.5,1.5,3.0,-22.393060663776215
Brandon Williams,1630314,0.37,0.647,3.0,54.0,13.0,17.0,1.0,1.0,7.0,-22.451394791774852
Mac McClung,1630644,0.45,0.6,4.0,25.0,10.0,9.0,0.0,0.0,3.0,-22.539505743326902
Trey Jemison,1641998,0.3673333333333333,0.5599999999999999,0.0,114.0,89.33333333333333,18.0,8.0,18.666666666666668,22.666666666666668,-22.554229345411976
Ty Jerome,1629660,0.494,0.4635,17.5,156.5,39.5,69.0,11.5,2.5,15.5,-22.56296514800937
Seth Lundy,1641754,0.235,0.75,3.0,14.0,7.0,0.0,0.0,0.0,1.0,-22.79160872537451
Jared Butler,1630215,0.4785,0.4305,15.5,144.0,31.0,67.0,17.0,4.0,27.5,-23.060589031152286
Neemias Queta,1629674,0.6555,0.357,0.0,83.0,66.5,10.5,6.5,11.5,7.0,-23.406673072684427
Kobe Brown,1641738,0.411,0.5,14.0,89.0,62.0,25.0,12.0,6.0,9.0,-23.51315864075421
Colby Jones,1641732,0.394,0.545,2.0,64.0,40.0,20.0,7.0,5.0,10.0,-23.574111029925724
Tristan Thompson,202684,0.608,0.288,0.0,161.0,174.0,51.0,12.0,14.0,29.0,-23.59474585917326
Kobe Bufkin,1641723,0.37,0.5,9.0,81.0,33.0,27.0,7.0,5.0,10.0,-24.707130112761508
Maxwell Lewis,1641721,0.19,0.667,1.0,11.0,4.0,6.0,2.0,1.0,10.0,-24.95869648446347
Micah Potter,1630695,0.571,0.375,6.5,38.5,29.5,5.0,2.5,3.0,3.5,-25.110574765779322
Tazé Moore,1631386,0.421,0.5,1.0,18.0,8.0,5.0,2.0,0.0,3.0,-25.150147690792444
Jordan Walsh,1641775,0.4,0.5,2.0,15.0,20.0,5.0,5.0,1.0,3.0,-25.19323412923966
Jalen Hood-Schifino,1641720,0.222,0.6,2.0,34.0,13.0,8.0,3.0,2.0,9.0,-25.693807843645843
Cole Swider,1631306,0.364,0.5,6.5,25.5,7.0,4.5,0.5,0.5,4.0,-25.944725825254924
Wendell Moore Jr.,1631111,0.4595,0.4,1.0,30.0,15.0,12.0,6.5,3.0,6.0,-26.184433475298498
Jett Howard,1641724,0.333,0.5,7.0,29.0,7.0,6.0,2.0,2.0,3.0,-26.283592607646742
Mason Jones,1630222,0.25,0.5,2.0,7.0,5.0,5.0,1.0,0.0,2.0,-27.870600342932047
Dariq Whitehead,1641727,0.2,0.5,0.0,3.0,4.0,3.0,0.0,1.0,0.0,-28.77614495626557
Alondes Williams,1631214,0.125,0.5,0.0,2.5,1.0,0.0,0.0,0.5,2.0,-29.942331423920827
TyTy Washington Jr.,1631102,0.3315,0.278,10.5,79.5,25.0,26.0,9.0,1.0,8.0,-30.152677844143863
Justin Champagnie,1630551,0.4775,0.2,3.75,27.75,17.25,6.75,3.0,2.25,2.5,-30.46699243300439
Justin Minaya,1631303,0.3005,0.278,7.5,39.0,35.5,12.5,5.5,7.5,6.5,-30.860783707555242
Emoni Bates,1641734,0.306,0.25,10.0,41.0,14.0,10.0,1.0,2.0,8.0,-31.850105521815337
Drew Peterson,1641809,0.667,0.0,3.0,11.0,1.0,1.0,2.0,0.0,1.0,-32.219793273111954
Pat Spencer,1630311,0.5,0.0,0.0,4.0,4.0,5.0,0.0,0.0,1.0,-34.91525910843616
Jason Preston,1630554,0.3775,0.0,2.5,26.5,19.5,21.5,2.0,0.5,6.0,-36.22691435526717
Hunter Tyson,1641816,0.4,0.0,4.0,20.0,9.0,2.0,1.0,0.0,2.0,-36.241640296397726
DaQuan Jeffries,1629610,0.353,0.0,2.0,14.0,5.0,5.0,0.0,1.0,3.0,-37.02210225059633
PJ Dozier,1628408,0.303,0.0,2.0,22.0,14.0,10.0,6.0,1.0,5.0,-37.307748044372715
Adam Flagler,1641745,0.143,0.0,1.0,3.0,0.0,4.0,0.0,0.0,0.0,-40.420249659172924
Trey Alexander,1641725,,,,,,,,,,
Lonzo Ball,1628366,,,,,,,,,,
Jamison Battle,1642419,,,,,,,,,,
Reece Beekman,1641736,,,,,,,,,,
Adem Bona,1641737,,,,,,,,,,
Jalen Bridges,1641779,,,,,,,,,,
Matas Buzelis,1641824,,,,,,,,,,
Carlton Carrington,1642267,,,,,,,,,,
Devin Carter,1642269,,,,,,,,,,
Stephon Castle,1642264,,,,,,,,,,
Ulrich Chomche,1642279,,,,,,,,,,
Cam Christie,1642353,,,,,,,,,,
Jaylen Clark,1641740,,,,,,,,,,
Donovan Clingan,1642270,,,,,,,,,,
Isaiah Collier,1642268,,,,,,,,,,
Isaiah Crawford,1642384,,,,,,,,,,
Pacôme Dadiet,1642359,,,,,,,,,,
N'Faly Dante,1642368,,,,,,,,,,
Rob Dillingham,1642265,,,,,,,,,,
Alex Ducas,1642505,,,,,,,,,,
Ryan Dunn,1642346,,,,,,,,,,
Zach Edey,1641744,,,,,,,,,,
Jesse Edwards,1642399,,,,,,,,,,
Justin Edwards,1642348,,,,,,,,,,
Kyle Filipowski,1642271,,,,,,,,,,
Trentyn Flowers,1642280,,,,,,,,,,
Enrique Freeman,1642402,,,,,,,,,,
Johnny Furphy,1642277,,,,,,,,,,
Kyshawn George,1642273,,,,,,,,,,
Jazian Gortman,1641789,,,,,,,,,,
PJ Hall,1641790,,,,,,,,,,
Ronald Holland II,1641842,,,,,,,,,,
DaRon Holmes II,1641747,,,,,,,,,,
Ariel Hukporti,1630574,,,,,,,,,,
Oso Ighodaro,1642345,,,,,,,,,,
Harrison Ingram,1631127,,,,,,,,,,
Bronny James,1642355,,,,,,,,,,
Daniss Jenkins,1642450,,,,,,,,,,
AJ Johnson,1642358,,,,,,,,,,
Keshad Johnson,1642352,,,,,,,,,,
Dillon Jones,1641794,,,,,,,,,,
Isaac Jones,1642403,,,,,,,,,,
Spencer Jones,1642461,,,,,,,,,,
Yuki Kawamura,1642530,,,,,,,,,,
Bobi Klintman,1641752,,,,,,,,,,
Dalton Knecht,1642261,,,,,,,,,,
Tyler Kolek,1642278,,,,,,,,,,
Pelle Larsson,1641796,,,,,,,,,,
Jaylen Martin,1641798,,,,,,,,,,
Karlo Matković,1631255,,,,,,,,,,
Jared McCain,1642272,,,,,,,,,,
Kevin McCullar Jr.,1641755,,,,,,,,,,
Jack McVeigh,1629098,,,,,,,,,,
Riley Minix,1642434,,,,,,,,,,
Yves Missi,1642274,,,,,,,,,,
Ajay Mitchell,1642349,,,,,,,,,,
Jonathan Mogbo,1642367,,,,,,,,,,
Tristen Newton,1641803,,,,,,,,,,
Quincy Olivari,1642439,,,,,,,,,,
Quinten Post,1642366,,,,,,,,,,
Alex Reese,1642024,,,,,,,,,,
Antonio Reeves,1641810,,,,,,,,,,
Zaccharie Risacher,1642258,,,,,,,,,,
Liam Robbins,1641857,,,,,,,,,,
Tidjane Salaün,1642275,,,,,,,,,,
Alexandre Sarr,1642259,,,,,,,,,,
Baylor Scheierman,1631248,,,,,,,,,,
Terrence Shannon Jr.,1630545,,,,,,,,,,
Jamal Shead,1642347,,,,,,,,,,
Reed Sheppard,1642263,,,,,,,,,,
KJ Simpson,1642354,,,,,,,,,,
Tyler Smith,1641890,,,,,,,,,,
Cam Spencer,1642285,,,,,,,,,,
DJ Steward,1630569,,,,,,,,,,
Nikola Topić,1642260,,,,,,,,,,
Armel Traoré,1642422,,,,,,,,,,
Luke Travers,1631247,,,,,,,,,,
Jaylon Tyson,1642281,,,,,,,,,,
Keaton Wallace,1630811,,,,,,,,,,
Ja'Kobe Walter,1642266,,,,,,,,,,
Kel'el Ware,1642276,,,,,,,,,,
Anton Watson,1641817,,,,,,,,,,
Jaylen Wells,1642377,,,,,,,,,,
Cody Williams,1642262,,,,,,,,,,
Guerschon Yabusele,1627824,,,,,,,,,,
Cui Yongxi,1642385,,,,,,,,,,
Tristan da Silva,1641783,,,,,,,,,,
